<application>
  <component name="FileTypeManager" version="17">
    <extensionMap>
      <mapping pattern="advent4" type="PLAIN_TEXT" />
      <mapping pattern="advent3" type="PLAIN_TEXT" />
      <mapping pattern="advent2" type="PLAIN_TEXT" />
      <mapping pattern="advent15" type="PLAIN_TEXT" />
      <mapping pattern="advent14" type="PLAIN_TEXT" />
      <mapping pattern="advent13" type="PLAIN_TEXT" />
      <mapping pattern="advent12" type="PLAIN_TEXT" />
      <mapping pattern="advent11" type="PLAIN_TEXT" />
      <mapping pattern="advent10" type="PLAIN_TEXT" />
      <mapping pattern="Advent13" type="PLAIN_TEXT" />
      <mapping pattern="advent1-1" type="PLAIN_TEXT" />
      <mapping pattern="advent5" type="PLAIN_TEXT" />
      <mapping pattern="advent9" type="PLAIN_TEXT" />
      <mapping pattern="advent7" type="PLAIN_TEXT" />
      <mapping pattern="advent6" type="PLAIN_TEXT" />
      <mapping ext="in" type="PLAIN_TEXT" />
    </extensionMap>
  </component>
</application>